/*
SQLyog Community v8.71 
MySQL - 5.5.24 : Database - jauminadb
*********************************************************************
*/

/*!40101 SET NAMES utf8 */;

/*!40101 SET SQL_MODE=''*/;

/*!40014 SET @OLD_UNIQUE_CHECKS=@@UNIQUE_CHECKS, UNIQUE_CHECKS=0 */;
/*!40014 SET @OLD_FOREIGN_KEY_CHECKS=@@FOREIGN_KEY_CHECKS, FOREIGN_KEY_CHECKS=0 */;
/*!40101 SET @OLD_SQL_MODE=@@SQL_MODE, SQL_MODE='NO_AUTO_VALUE_ON_ZERO' */;
/*!40111 SET @OLD_SQL_NOTES=@@SQL_NOTES, SQL_NOTES=0 */;
CREATE DATABASE /*!32312 IF NOT EXISTS*/`jauminadb` /*!40100 DEFAULT CHARACTER SET latin1 */;

USE `jauminadb`;

/*Table structure for table `cliente` */

DROP TABLE IF EXISTS `cliente`;

CREATE TABLE `cliente` (
  `id` bigint(20) NOT NULL AUTO_INCREMENT,
  `apellidos` varchar(50) DEFAULT NULL,
  `direccion` varchar(255) DEFAULT NULL,
  `nombres` varchar(60) DEFAULT NULL,
  `nro_documento` varchar(30) DEFAULT NULL,
  `telefono` varchar(50) DEFAULT NULL,
  PRIMARY KEY (`id`)
) ENGINE=InnoDB AUTO_INCREMENT=9 DEFAULT CHARSET=latin1;

/*Data for the table `cliente` */

insert  into `cliente`(`id`,`apellidos`,`direccion`,`nombres`,`nro_documento`,`telefono`) values (1,'Acosta Amarilla','Calle 5 al lado de la comisaria. barrio obrero, en frente de la iglesia, al costado de la plaza, a una cuadra de la escuela.','Mario Adalberto','1.111.111','0971 111 110'),(2,'Brítez DaSilva','cALLE 2','Marina Adriana','2.222.222','0971 222 222'),(3,'Bis Conti','direccion3','Mariana Camela','3.333.333','0971 333 333 '),(4,'Apellido4','direccion 4','Cliente 4','4.444.444','4444444'),(5,'Apellidos 5','direccion5','Cliente 5','5','55555555'),(6,'Perez Pri','Calle 6 al lado de la comisaria. barrio obrero, en frente de la iglesia, al costado de la plaza, a una cuadra de la escuela.','Maria Anacleta','6.000.000','0976 600 525'),(7,'Vasconcelos Veloto','Calle Avenida Irala entre boquerón y Alberdi. A dos cuadras de la municipalidad. Al costado del Crep.','Marcia Belen','7.777.777','0971 555 222'),(8,'Fleitas Dasilva','Calle primer presidente c/ Avenida España. Frente a la copaco.','Marite Pelagia ','8.888.888','0975 888 888');

/*Table structure for table `productosventa` */

DROP TABLE IF EXISTS `productosventa`;

CREATE TABLE `productosventa` (
  `id` int(11) NOT NULL AUTO_INCREMENT,
  `codigo` varchar(20) DEFAULT NULL,
  `nombre` varchar(30) DEFAULT NULL,
  `nombrecorto` varchar(15) DEFAULT NULL,
  `preciocosto` int(11) DEFAULT NULL,
  `precioventa` int(11) DEFAULT NULL,
  PRIMARY KEY (`id`),
  UNIQUE KEY `codigo` (`codigo`),
  UNIQUE KEY `nombre` (`nombre`),
  UNIQUE KEY `nombrecorto` (`nombrecorto`)
) ENGINE=InnoDB AUTO_INCREMENT=12 DEFAULT CHARSET=latin1;

/*Data for the table `productosventa` */

insert  into `productosventa`(`id`,`codigo`,`nombre`,`nombrecorto`,`preciocosto`,`precioventa`) values (1,'1','HAMBURGUESA ','HAM',4000,6000),(2,'2','HAMBURGUESA ESPECIAL','HAM ESP',5000,5500),(3,'3','HAMBURGUESA SÚPER ESPECIAL','HAM SUP ESP',10000,12000),(4,'4','HAMBURGUESA DE POLLO','HAM POLL',5000,6000),(5,'5','COCA 2LTS','CO 2L',14000,19000),(6,'6','PRODUCTO 6','P',5000,5500),(7,'7','PRODUCTO 7','PP',5000,6000),(8,'8','PRODUCTO8','P PP',8000,10000),(9,'9','PAPAS FRITAS','PPPPPP',4000,5000),(10,'10','PRODUCTO 10','PPP PPLLLR',3000,4000),(11,'11','LOMITO','LO',10000,11000);

/*Table structure for table `venta` */

DROP TABLE IF EXISTS `venta`;

CREATE TABLE `venta` (
  `id` int(11) NOT NULL AUTO_INCREMENT,
  `cantidad` int(11) DEFAULT NULL,
  `cliente` varchar(100) DEFAULT NULL,
  `costo` int(11) DEFAULT NULL,
  `destino` varchar(3) DEFAULT NULL,
  `direccionAEntregar` varchar(255) DEFAULT NULL,
  `entregado` varchar(3) DEFAULT NULL,
  `fecha_Venta` datetime NOT NULL,
  `nroPedido` int(11) DEFAULT NULL,
  `salsa` varchar(255) DEFAULT NULL,
  `telefonoCliente` varchar(30) DEFAULT NULL,
  `ventacancelada` varchar(2) DEFAULT NULL,
  `id_produto` int(11) NOT NULL,
  PRIMARY KEY (`id`),
  KEY `FK4EB7A2CBBFF018B` (`id_produto`),
  CONSTRAINT `FK4EB7A2CBBFF018B` FOREIGN KEY (`id_produto`) REFERENCES `productosventa` (`id`)
) ENGINE=InnoDB AUTO_INCREMENT=85 DEFAULT CHARSET=latin1;

/*Data for the table `venta` */

insert  into `venta`(`id`,`cantidad`,`cliente`,`costo`,`destino`,`direccionAEntregar`,`entregado`,`fecha_Venta`,`nroPedido`,`salsa`,`telefonoCliente`,`ventacancelada`,`id_produto`) values (1,1,'Mariana Camela Bis Conti',6000,'d','direccion3','no','2017-03-06 20:03:40',1,'','0971 333 333 ','no',1),(2,1,'Mariana Camela Bis Conti',5500,'d','direccion3','no','2017-03-06 20:03:43',1,'','0971 333 333 ','no',2),(3,1,'',6000,'d','','no','2017-03-06 20:03:48',1,'','','no',1),(4,1,'',5500,'d','','no','2017-03-06 20:03:50',1,'','','no',2),(5,1,'Cliente 4 Apellido4',6000,'d','direccion 4','si','2017-03-06 20:04:00',1,'','4444444','no',1),(6,1,'Cliente 4 Apellido4',12000,'d','direccion 4','si','2017-03-06 20:04:02',1,'','4444444','no',3),(7,1,'Cliente 4 Apellido4',5500,'d','direccion 4','si','2017-03-06 20:04:06',1,'','4444444','no',2),(8,1,'Cliente 4 Apellido4',6000,'d','direccion 4','si','2017-03-06 20:04:08',1,'','4444444','no',4),(9,1,'Cliente 4 Apellido4',19000,'d','direccion 4','si','2017-03-06 20:04:11',1,'','4444444','no',5),(10,1,'Cliente 4 Apellido4',5500,'d','direccion 4','si','2017-03-06 20:04:14',1,'','4444444','no',6),(11,1,'Cliente 4 Apellido4',6000,'d','direccion 4','si','2017-03-06 20:04:16',1,'','4444444','no',7),(12,1,'Mariana Camela Bis Conti',6000,'d','direccion3','no','2017-03-06 21:23:54',2,'','0971 333 333 ','si',1),(13,1,'Mariana Camela Bis Conti',5500,'d','direccion3','no','2017-03-06 21:23:56',2,'','0971 333 333 ','no',2),(14,1,'Mariana Camela Bis Conti',12000,'d','direccion3','no','2017-03-06 21:23:59',2,'','0971 333 333 ','no',3),(15,1,'Mario Adalberto Acosta Amarilla',12000,'d','Calle 5 al lado de la comisaria. barrio obrero, en frente de la iglesia, al costado de la plaza, a una cuadra de la escuela.','si','2017-03-06 22:12:53',3,'','0971 111 110','no',3),(16,1,'Mario Adalberto Acosta Amarilla',6000,'d','Calle 5 al lado de la comisaria. barrio obrero, en frente de la iglesia, al costado de la plaza, a una cuadra de la escuela.','si','2017-03-06 22:12:56',3,'','0971 111 110','no',1),(17,1,'Mario Adalberto Acosta Amarilla',12000,'d','Calle 5 al lado de la comisaria. barrio obrero, en frente de la iglesia, al costado de la plaza, a una cuadra de la escuela.','si','2017-03-06 22:12:59',3,'','0971 111 110','no',3),(18,1,'Mario Adalberto Acosta Amarilla',6000,'d','Calle 5 al lado de la comisaria. barrio obrero, en frente de la iglesia, al costado de la plaza, a una cuadra de la escuela.','si','2017-03-06 22:13:02',3,'','0971 111 110','no',4),(19,1,'Mario Adalberto Acosta Amarilla',19000,'d','Calle 5 al lado de la comisaria. barrio obrero, en frente de la iglesia, al costado de la plaza, a una cuadra de la escuela.','si','2017-03-06 22:13:05',3,'','0971 111 110','no',5),(20,1,'Mario Adalberto Acosta Amarilla',5500,'d','Calle 5 al lado de la comisaria. barrio obrero, en frente de la iglesia, al costado de la plaza, a una cuadra de la escuela.','si','2017-03-06 22:13:08',3,'','0971 111 110','no',6),(21,1,'',6000,'d','','si','2017-03-06 22:13:20',3,'','','no',1),(22,1,'',5500,'d','','si','2017-03-06 22:13:22',3,'','','no',2),(23,1,'',12000,'d','','si','2017-03-06 22:13:25',3,'','','no',3),(24,25,'',6000,'d','','no','2017-03-06 22:15:03',3,'','','si',1),(25,1,'',6000,'d','','no','2017-03-06 22:16:19',4,'','','si',1),(26,2,'',5500,'d','','si','2017-03-06 22:16:27',4,'','','no',2),(27,2,'',6000,'d','','si','2017-03-06 22:16:30',4,'','','no',1),(28,1,'',5500,'d','','si','2017-03-06 22:16:32',4,'','','no',2),(29,1,'Mario Adalberto Acosta Amarilla',6000,'d','Calle 5 al lado de la comisaria. barrio obrero, en frente de la iglesia, al costado de la plaza, a una cuadra de la escuela.','si','2017-03-06 22:38:19',5,'','0971 111 110','no',1),(30,1,'',6000,'d',NULL,'no','2017-03-06 23:07:01',6,'',NULL,'no',1),(31,1,'Maria Anacleta Perez Pri',6000,'d','Calle 6 al lado de la comisaria. barrio obrero, en frente de la iglesia, al costado de la plaza, a una cuadra de la escuela.','si','2017-03-06 23:54:40',7,'','0976 600 525','no',1),(32,1,'Maria Anacleta Perez Pri',5500,'d','Calle 6 al lado de la comisaria. barrio obrero, en frente de la iglesia, al costado de la plaza, a una cuadra de la escuela.','si','2017-03-06 23:54:42',7,'','0976 600 525','no',2),(33,1,'Maria Anacleta Perez Pri',12000,'d','Calle 6 al lado de la comisaria. barrio obrero, en frente de la iglesia, al costado de la plaza, a una cuadra de la escuela.','si','2017-03-06 23:54:44',7,'','0976 600 525','no',3),(34,1,'Maria Anacleta Perez Pri',6000,'d','Calle 6 al lado de la comisaria. barrio obrero, en frente de la iglesia, al costado de la plaza, a una cuadra de la escuela.','si','2017-03-06 23:54:46',7,'','0976 600 525','no',4),(35,58,'Maria Anacleta Perez Pri',19000,'d','Calle 6 al lado de la comisaria. barrio obrero, en frente de la iglesia, al costado de la plaza, a una cuadra de la escuela.','si','2017-03-06 23:54:58',7,'','0976 600 525','si',5),(36,1,'',6000,'d','','no','2017-03-06 23:55:03',7,'','','no',1),(37,1,'Marina Adriana Brítez DaSilva',6000,'d','cALLE 2','si','2017-03-07 00:29:23',8,'','0971 222 222','no',1),(38,1,'Mario Adalberto Acosta Amarilla',6000,'d','Calle 5 al lado de la comisaria. barrio obrero, en frente de la iglesia, al costado de la plaza, a una cuadra de la escuela.','si','2017-03-07 01:05:01',9,'','0971 111 110','no',1),(39,2,'',6000,'d','','si','2017-03-07 01:05:43',9,'','','no',1),(40,2,'Maria Anacleta Perez Pri',6000,'d','Calle 6 al lado de la comisaria. barrio obrero, en frente de la iglesia, al costado de la plaza, a una cuadra de la escuela.','si','2017-03-07 01:06:06',10,'','0976 600 525','no',1),(41,100,'Maria Anacleta Perez Pri',6000,'d','Calle 6 al lado de la comisaria. barrio obrero, en frente de la iglesia, al costado de la plaza, a una cuadra de la escuela.','si','2017-03-07 01:07:06',10,'','0976 600 525','no',1),(42,1000,'Maria Anacleta Perez Pri',6000,'d','Calle 6 al lado de la comisaria. barrio obrero, en frente de la iglesia, al costado de la plaza, a una cuadra de la escuela.','si','2017-03-07 01:07:50',10,'','0976 600 525','no',1),(43,1,'Maria Anacleta Perez Pri',6000,'d','Calle 6 al lado de la comisaria. barrio obrero, en frente de la iglesia, al costado de la plaza, a una cuadra de la escuela.','si','2017-03-07 01:22:46',11,'','0976 600 525','no',1),(44,1,'Maria Anacleta Perez Pri',5500,'d','Calle 6 al lado de la comisaria. barrio obrero, en frente de la iglesia, al costado de la plaza, a una cuadra de la escuela.','no','2017-03-07 01:22:49',11,'','0976 600 525','si',2),(45,1,'Maria Anacleta Perez Pri',12000,'d','Calle 6 al lado de la comisaria. barrio obrero, en frente de la iglesia, al costado de la plaza, a una cuadra de la escuela.','si','2017-03-07 01:22:51',11,'','0976 600 525','no',3),(46,1,'',6000,'d',NULL,'si','2017-03-07 01:37:16',12,'',NULL,'no',1),(47,1,'Mario Adalberto Acosta Amarilla',6000,'d','Calle 5 al lado de la comisaria. barrio obrero, en frente de la iglesia, al costado de la plaza, a una cuadra de la escuela.','si','2017-03-07 01:37:26',12,'','0971 111 110','no',1),(48,1,'Mario Adalberto Acosta Amarilla',5500,'d','Calle 5 al lado de la comisaria. barrio obrero, en frente de la iglesia, al costado de la plaza, a una cuadra de la escuela.','si','2017-03-07 01:37:28',12,'','0971 111 110','no',2),(49,1,'Mario Adalberto Acosta Amarilla',6000,'d','Calle 5 al lado de la comisaria. barrio obrero, en frente de la iglesia, al costado de la plaza, a una cuadra de la escuela.','no','2017-03-07 04:04:12',13,'','0971 111 110','no',1),(50,3,'Mario Adalberto Acosta Amarilla',5500,'d','Calle 5 al lado de la comisaria. barrio obrero, en frente de la iglesia, al costado de la plaza, a una cuadra de la escuela.','no','2017-03-07 04:04:16',13,'','0971 111 110','no',2),(51,4,'Mario Adalberto Acosta Amarilla',12000,'d','Calle 5 al lado de la comisaria. barrio obrero, en frente de la iglesia, al costado de la plaza, a una cuadra de la escuela.','no','2017-03-07 04:04:19',13,'','0971 111 110','no',3),(52,1,'Maria Anacleta Perez Pri',6000,'d','Calle 6 al lado de la comisaria. barrio obrero, en frente de la iglesia, al costado de la plaza, a una cuadra de la escuela.','si','2017-03-07 20:26:35',14,'','0976 600 525','no',1),(53,1,'Maria Anacleta Perez Pri',5500,'d','Calle 6 al lado de la comisaria. barrio obrero, en frente de la iglesia, al costado de la plaza, a una cuadra de la escuela.','si','2017-03-07 20:26:38',14,'','0976 600 525','no',2),(54,1,'Maria Anacleta Perez Pri',12000,'d','Calle 6 al lado de la comisaria. barrio obrero, en frente de la iglesia, al costado de la plaza, a una cuadra de la escuela.','no','2017-03-07 20:26:40',14,'','0976 600 525','si',3),(55,1,'',6000,'d','','si','2017-03-07 20:26:51',14,'','','no',1),(56,1,'',5500,'d','','no','2017-03-07 20:26:54',14,'','','si',2),(57,1,'',12000,'d','','no','2017-03-07 20:26:56',14,'','','si',3),(58,1,'',6000,'d',NULL,'no','2017-03-07 20:30:09',15,'',NULL,'si',1),(59,1,'',5500,'d',NULL,'no','2017-03-07 20:30:11',15,'',NULL,'si',2),(60,1,'',12000,'d',NULL,'no','2017-03-07 20:30:13',15,'',NULL,'si',3),(61,1,'Marite Pelagia  Fleitas Dasilva',6000,'d','Calle primer presidente c/ Avenida España. Frente a la copaco.','si','2017-03-07 20:31:04',16,'','0975 888 888','no',1),(62,1,'Marite Pelagia  Fleitas Dasilva',5500,'d','Calle primer presidente c/ Avenida España. Frente a la copaco.','si','2017-03-07 20:31:06',16,'','0975 888 888','no',2),(63,1,'Marite Pelagia  Fleitas Dasilva',12000,'d','Calle primer presidente c/ Avenida España. Frente a la copaco.','si','2017-03-07 20:31:08',16,'','0975 888 888','no',3),(64,1,'Marite Pelagia  Fleitas Dasilva',6000,'d','Calle primer presidente c/ Avenida España. Frente a la copaco.','si','2017-03-07 20:31:10',16,'','0975 888 888','no',4),(65,1,'Marite Pelagia  Fleitas Dasilva',19000,'d','Calle primer presidente c/ Avenida España. Frente a la copaco.','si','2017-03-07 20:31:12',16,'','0975 888 888','no',5),(66,1,'Marite Pelagia  Fleitas Dasilva',5500,'d','Calle primer presidente c/ Avenida España. Frente a la copaco.','si','2017-03-07 20:31:14',16,'','0975 888 888','no',6),(67,7,'Marite Pelagia  Fleitas Dasilva',6000,'d','Calle primer presidente c/ Avenida España. Frente a la copaco.','si','2017-03-07 20:31:19',16,'','0975 888 888','no',7),(68,1,'Marite Pelagia  Fleitas Dasilva',10000,'d','Calle primer presidente c/ Avenida España. Frente a la copaco.','si','2017-03-07 20:31:22',16,'','0975 888 888','no',8),(69,1,'Marite Pelagia  Fleitas Dasilva',5000,'d','Calle primer presidente c/ Avenida España. Frente a la copaco.','si','2017-03-07 20:31:26',16,'','0975 888 888','no',9),(70,1,'Marite Pelagia  Fleitas Dasilva',4000,'d','Calle primer presidente c/ Avenida España. Frente a la copaco.','si','2017-03-07 20:31:29',16,'','0975 888 888','no',10),(71,1,'Mario Adalberto Acosta Amarilla',6000,'d','Calle 5 al lado de la comisaria. barrio obrero, en frente de la iglesia, al costado de la plaza, a una cuadra de la escuela.','no','2017-03-07 20:38:52',17,'','0971 111 110','si',1),(72,1,'Mario Adalberto Acosta Amarilla',5500,'d','Calle 5 al lado de la comisaria. barrio obrero, en frente de la iglesia, al costado de la plaza, a una cuadra de la escuela.','no','2017-03-07 20:38:53',17,'','0971 111 110','no',2),(73,1,'Mario Adalberto Acosta Amarilla',12000,'d','Calle 5 al lado de la comisaria. barrio obrero, en frente de la iglesia, al costado de la plaza, a una cuadra de la escuela.','no','2017-03-07 20:38:55',17,'','0971 111 110','no',3),(74,1,'',6000,'d','','no','2017-03-07 20:39:00',17,'','','no',1),(75,1,'Maria Anacleta Perez Pri',6000,'d','Calle 6 al lado de la comisaria. barrio obrero, en frente de la iglesia, al costado de la plaza, a una cuadra de la escuela.','si','2017-03-07 20:39:52',17,'','0976 600 525','no',1),(76,1,'Maria Anacleta Perez Pri',5500,'d','Calle 6 al lado de la comisaria. barrio obrero, en frente de la iglesia, al costado de la plaza, a una cuadra de la escuela.','si','2017-03-07 20:39:54',17,'','0976 600 525','no',2),(77,1,'Maria Anacleta Perez Pri',12000,'d','Calle 6 al lado de la comisaria. barrio obrero, en frente de la iglesia, al costado de la plaza, a una cuadra de la escuela.','si','2017-03-07 20:39:57',17,'','0976 600 525','no',3),(78,1,'Maria Anacleta Perez Pri',6000,'d','Calle 6 al lado de la comisaria. barrio obrero, en frente de la iglesia, al costado de la plaza, a una cuadra de la escuela.','si','2017-03-07 20:39:59',17,'','0976 600 525','no',4),(79,1,'Maria Anacleta Perez Pri',19000,'d','Calle 6 al lado de la comisaria. barrio obrero, en frente de la iglesia, al costado de la plaza, a una cuadra de la escuela.','si','2017-03-07 20:40:01',17,'','0976 600 525','no',5),(80,1,'Maria Anacleta Perez Pri',5500,'d','Calle 6 al lado de la comisaria. barrio obrero, en frente de la iglesia, al costado de la plaza, a una cuadra de la escuela.','si','2017-03-07 20:40:02',17,'','0976 600 525','no',6),(81,1,'Maria Anacleta Perez Pri',6000,'d','Calle 6 al lado de la comisaria. barrio obrero, en frente de la iglesia, al costado de la plaza, a una cuadra de la escuela.','si','2017-03-07 20:40:05',17,'','0976 600 525','no',7),(82,1,'Maria Anacleta Perez Pri',10000,'d','Calle 6 al lado de la comisaria. barrio obrero, en frente de la iglesia, al costado de la plaza, a una cuadra de la escuela.','si','2017-03-07 20:40:07',17,'','0976 600 525','no',8),(83,1,'Maria Anacleta Perez Pri',5000,'d','Calle 6 al lado de la comisaria. barrio obrero, en frente de la iglesia, al costado de la plaza, a una cuadra de la escuela.','no','2017-03-07 20:40:09',17,'','0976 600 525','si',9),(84,1,'Maria Anacleta Perez Pri',4000,'d','Calle 6 al lado de la comisaria. barrio obrero, en frente de la iglesia, al costado de la plaza, a una cuadra de la escuela.','si','2017-03-07 20:40:12',17,'','0976 600 525','no',10);

/*!40101 SET SQL_MODE=@OLD_SQL_MODE */;
/*!40014 SET FOREIGN_KEY_CHECKS=@OLD_FOREIGN_KEY_CHECKS */;
/*!40014 SET UNIQUE_CHECKS=@OLD_UNIQUE_CHECKS */;
/*!40111 SET SQL_NOTES=@OLD_SQL_NOTES */;
